{
  "project_info": {
    "project_number": "987475513014",
    "firebase_url": "https://klip-rpi.firebaseio.com",
    "project_id": "klip-rpi",
    "storage_bucket": "klip-rpi.appspot.com"
  },
  "client": [
    {
      "client_info": {
        "mobilesdk_app_id": "1:987475513014:android:7014602df4c4b884932017",
        "android_client_info": {
          "package_name": "com.example.klip"
        }
      },
      "oauth_client": [
        {
          "client_id": "987475513014-lrt58fss8r76i15iqcsrv2herg6l5l1u.apps.googleusercontent.com",
          "client_type": 1,
          "android_info": {
            "package_name": "com.example.klip",
            "certificate_hash": "50bb0ee5f1f653b2be5ae35b083c04613757e407"
          }
        },
        {
          "client_id": "987475513014-3u7gouc45t0017o4ahq6vno86gdqm54e.apps.googleusercontent.com",
          "client_type": 3
        }
      ],
      "api_key": [
        {
          "current_key": "AIzaSyCFWpZ8-bfPIKypJXQyNqffE8UZMFk6A-Q"
        }
      ],
      "services": {
        "appinvite_service": {
          "other_platform_oauth_client": [
            {
              "client_id": "987475513014-3u7gouc45t0017o4ahq6vno86gdqm54e.apps.googleusercontent.com",
              "client_type": 3
            }
          ]
        }
      }
    }
  ],
  "configuration_version": "1"
}